Date,BTC,US20Y
2017-01-03,1043.839966,2.780000
2017-01-04,1154.729980,2.780000
2017-01-05,1013.380005,2.690000
2017-01-06,902.200989,2.730000
2017-01-09,902.828003,2.690000
2017-01-10,907.679016,2.690000
2017-01-11,777.757019,2.680000
2017-01-12,804.833984,2.680000
2017-01-13,823.984009,2.710000
2017-01-17,907.937988,2.660000
2017-01-18,886.617981,2.740000
2017-01-19,899.072998,2.770000
2017-01-20,895.026001,2.790000
2017-01-23,921.012024,2.720000
2017-01-24,892.687012,2.780000
2017-01-25,901.541992,2.840000
2017-01-26,917.585999,2.820000
2017-01-27,919.750000,2.800000
2017-01-30,920.382019,2.820000
2017-01-31,970.403015,2.780000
2017-02-01,989.023010,2.800000
2017-02-02,1011.799988,2.800000
2017-02-03,1029.910034,2.820000
2017-02-06,1038.150024,2.760000
2017-02-07,1061.349976,2.740000
2017-02-08,1063.069946,2.680000
2017-02-09,994.382996,2.740000
2017-02-10,988.674011,2.750000
2017-02-13,990.642029,2.770000
2017-02-14,1004.549988,2.810000
2017-02-15,1007.479980,2.840000
2017-02-16,1027.439941,2.800000
2017-02-17,1046.209961,2.780000
2017-02-21,1115.300049,2.780000
2017-02-22,1117.439941,2.780000
2017-02-23,1166.719971,2.750000
2017-02-24,1173.680054,2.690000
2017-02-27,1179.969971,2.720000
2017-02-28,1179.969971,2.700000
2017-03-01,1222.500000,2.810000
2017-03-02,1251.010010,2.840000
2017-03-03,1274.989990,2.830000
2017-03-06,1272.829956,2.840000
2017-03-07,1223.540039,2.850000
2017-03-08,1150.000000,2.890000
2017-03-09,1188.489990,2.940000
2017-03-10,1116.719971,2.940000
2017-03-13,1231.920044,2.970000
2017-03-14,1240.000000,2.940000
2017-03-15,1249.609985,2.870000
2017-03-16,1187.810059,2.890000
2017-03-17,1100.229980,2.860000
2017-03-20,1054.229980,2.830000
2017-03-21,1120.540039,2.790000
2017-03-22,1049.140015,2.760000
2017-03-23,1038.589966,2.760000
2017-03-24,937.520020,2.740000
2017-03-27,1045.770020,2.730000
2017-03-28,1047.150024,2.770000
2017-03-29,1039.969971,2.740000
2017-03-30,1026.430054,2.780000
2017-03-31,1071.790039,2.760000
2017-04-03,1143.810059,2.710000
2017-04-04,1133.250000,2.720000
2017-04-05,1124.780029,2.710000
2017-04-06,1182.680054,2.720000
2017-04-07,1176.900024,2.740000
2017-04-10,1187.130005,2.720000
2017-04-11,1205.010010,2.670000
2017-04-12,1200.369995,2.650000
2017-04-13,1169.280029,2.620000
2017-04-17,1193.910034,2.650000
2017-04-18,1211.670044,2.560000
2017-04-19,1210.290039,2.590000
2017-04-20,1229.079956,2.610000
2017-04-21,1222.050049,2.610000
2017-04-24,1250.150024,2.650000
2017-04-25,1265.489990,2.710000
2017-04-26,1281.079956,2.690000
2017-04-27,1317.729980,2.680000
2017-04-28,1316.479980,2.670000
2017-05-01,1421.599976,2.710000
2017-05-02,1452.819946,2.680000
2017-05-03,1490.089966,2.700000
2017-05-04,1537.670044,2.730000
2017-05-05,1555.449951,2.730000
2017-05-08,1723.349976,2.760000
2017-05-09,1755.359985,2.790000
2017-05-10,1787.130005,2.790000
2017-05-11,1848.569946,2.780000
2017-05-12,1724.239990,2.740000
2017-05-15,1738.430054,2.760000
2017-05-16,1734.449951,2.740000
2017-05-17,1839.089966,2.650000
2017-05-18,1888.650024,2.640000
2017-05-19,1987.709961,2.630000
2017-05-22,2173.399902,2.640000
2017-05-23,2320.419922,2.680000
2017-05-24,2443.639893,2.650000
2017-05-25,2304.979980,2.650000
2017-05-26,2202.419922,2.650000
2017-05-30,2175.469971,2.610000
2017-05-31,2286.409912,2.600000
2017-06-01,2407.879883,2.600000
2017-06-02,2488.550049,2.530000
2017-06-05,2686.810059,2.560000
2017-06-06,2863.199951,2.530000
2017-06-07,2732.159912,2.560000
2017-06-08,2805.620117,2.570000
2017-06-09,2823.810059,2.590000
2017-06-12,2659.629883,2.590000
2017-06-13,2717.020020,2.600000
2017-06-14,2506.370117,2.530000
2017-06-15,2464.580078,2.520000
2017-06-16,2518.560059,2.520000
2017-06-19,2589.600098,2.530000
2017-06-20,2721.790039,2.490000
2017-06-21,2689.100098,2.480000
2017-06-22,2705.409912,2.470000
2017-06-23,2744.909912,2.480000
2017-06-26,2478.449951,2.460000
2017-06-27,2552.449951,2.520000
2017-06-28,2574.790039,2.550000
2017-06-29,2539.320068,2.590000
2017-06-30,2480.840088,2.610000
2017-07-03,2564.060059,2.650000
2017-07-05,2601.989990,2.630000
2017-07-06,2608.560059,2.680000
2017-07-07,2518.659912,2.710000
2017-07-10,2372.560059,2.700000
2017-07-11,2337.790039,2.690000
2017-07-12,2398.840088,2.650000
2017-07-13,2357.899902,2.690000
2017-07-14,2233.340088,2.670000
2017-07-17,2228.409912,2.650000
2017-07-18,2318.879883,2.610000
2017-07-19,2273.429932,2.610000
2017-07-20,2817.600098,2.600000
2017-07-21,2667.760010,2.570000
2017-07-24,2754.860107,2.590000
2017-07-25,2576.479980,2.670000
2017-07-26,2529.449951,2.650000
2017-07-27,2671.780029,2.680000
2017-07-28,2809.010010,2.650000
2017-07-31,2875.340088,2.660000
2017-08-01,2718.260010,2.610000
2017-08-02,2710.669922,2.600000
2017-08-03,2804.729980,2.560000
2017-08-04,2895.889893,2.610000
2017-08-07,3378.939941,2.600000
2017-08-08,3419.939941,2.630000
2017-08-09,3342.469971,2.590000
2017-08-10,3381.280029,2.550000
2017-08-11,3650.620117,2.550000
2017-08-14,4325.129883,2.570000
2017-08-15,4181.930176,2.600000
2017-08-16,4376.629883,2.580000
2017-08-17,4331.689941,2.540000
2017-08-18,4160.620117,2.540000
2017-08-21,4001.739990,2.520000
2017-08-22,4100.520020,2.550000
2017-08-23,4151.520020,2.510000
2017-08-24,4334.680176,2.530000
2017-08-25,4371.600098,2.510000
2017-08-28,4382.660156,2.510000
2017-08-29,4579.020020,2.480000
2017-08-30,4565.299805,2.490000
2017-08-31,4703.390137,2.470000
2017-09-01,4892.009766,2.510000
2017-09-05,4376.529785,2.430000
2017-09-06,4597.120117,2.460000
2017-09-07,4599.879883,2.400000
2017-09-08,4228.750000,2.410000
2017-09-11,4161.270020,2.490000
2017-09-12,4130.810059,2.520000
2017-09-13,3882.590088,2.530000
2017-09-14,3154.949951,2.520000
2017-09-15,3637.520020,2.520000
2017-09-18,4065.199951,2.560000
2017-09-19,3924.969971,2.570000
2017-09-20,3905.949951,2.590000
2017-09-21,3631.040039,2.570000
2017-09-22,3630.699951,2.570000
2017-09-25,3926.070068,2.530000
2017-09-26,3892.350098,2.540000
2017-09-27,4200.669922,2.620000
2017-09-28,4174.729980,2.630000
2017-09-29,4163.069824,2.630000
2017-10-02,4409.319824,2.640000
2017-10-03,4317.479980,2.630000
2017-10-04,4229.359863,2.640000
2017-10-05,4328.410156,2.650000
2017-10-06,4370.810059,2.680000
2017-10-10,4781.990234,2.650000
2017-10-11,4826.479980,2.640000
2017-10-12,5446.910156,2.620000
2017-10-13,5647.209961,2.580000
2017-10-16,5725.589844,2.580000
2017-10-17,5605.509766,2.580000
2017-10-18,5590.689941,2.620000
2017-10-19,5708.520020,2.600000
2017-10-20,6011.450195,2.670000
2017-10-23,5930.319824,2.660000
2017-10-24,5526.640137,2.700000
2017-10-25,5750.799805,2.720000
2017-10-26,5904.830078,2.740000
2017-10-27,5780.899902,2.710000
2017-10-30,6130.529785,2.660000
2017-10-31,6468.399902,2.660000
2017-11-01,6767.310059,2.630000
2017-11-02,7078.500000,2.610000
2017-11-03,7207.759766,2.590000
2017-11-06,7022.759766,2.580000
2017-11-07,7144.379883,2.560000
2017-11-08,7459.689941,2.570000
2017-11-09,7143.580078,2.590000
2017-11-10,6618.140137,2.670000
2017-11-13,6559.490234,2.670000
2017-11-14,6635.750000,2.640000
2017-11-15,7315.540039,2.580000
2017-11-16,7871.689941,2.620000
2017-11-17,7708.990234,2.590000
2017-11-20,8200.639648,2.600000
2017-11-21,8071.259766,2.580000
2017-11-22,8253.549805,2.570000
2017-11-24,8253.690430,2.580000
2017-11-27,9818.349609,2.570000
2017-11-28,10058.799805,2.580000
2017-11-29,9888.610352,2.620000
2017-11-30,10233.599609,2.650000
2017-12-01,10975.599609,2.580000
2017-12-04,11657.200195,2.580000
2017-12-05,11916.700195,2.550000
2017-12-06,14291.500000,2.530000
2017-12-07,17899.699219,2.580000
2017-12-08,16569.400391,2.590000
2017-12-11,16936.800781,2.590000
2017-12-12,17415.400391,2.600000
2017-12-13,16408.199219,2.560000
2017-12-14,16564.000000,2.530000
2017-12-15,17706.900391,2.520000
2017-12-18,19114.199219,2.570000
2017-12-19,17776.699219,2.660000
2017-12-20,16624.599609,2.710000
2017-12-21,15802.900391,2.680000
2017-12-22,13831.799805,2.680000
2017-12-26,16099.799805,2.660000
2017-12-27,15838.500000,2.590000
2017-12-28,14606.500000,2.600000
2017-12-29,14656.200195,2.580000
2018-01-02,14982.099609,2.640000
2018-01-03,15201.000000,2.620000
2018-01-04,15599.200195,2.620000
2018-01-05,17429.500000,2.640000
2018-01-08,15170.099609,2.650000
2018-01-09,14595.400391,2.720000
2018-01-10,14973.299805,2.730000
2018-01-11,13405.799805,2.720000
2018-01-12,13980.599609,2.710000
2018-01-16,11490.500000,2.690000
2018-01-17,11188.599609,2.710000
2018-01-18,11474.900391,2.770000
2018-01-19,11607.400391,2.780000
2018-01-22,10931.400391,2.790000
2018-01-23,10868.400391,2.770000
2018-01-24,11359.400391,2.800000
2018-01-25,11259.400391,2.760000
2018-01-26,11171.400391,2.790000
2018-01-29,11296.400391,2.820000
2018-01-30,10106.299805,2.860000
2018-01-31,10221.099609,2.830000
2018-02-01,9170.540039,2.900000
2018-02-02,8830.750000,2.970000
2018-02-05,6955.270020,2.920000
2018-02-06,7754.000000,2.940000
2018-02-07,7621.299805,3.010000
2018-02-08,8265.589844,3.030000
2018-02-09,8736.980469,3.020000
2018-02-12,8926.570312,3.020000
2018-02-13,8598.309570,2.990000
2018-02-14,9494.629883,3.070000
2018-02-15,10166.400391,3.040000
2018-02-16,10233.900391,3.020000
2018-02-20,11403.700195,3.040000
2018-02-21,10690.400391,3.110000
2018-02-22,10005.000000,3.090000
2018-02-23,10301.099609,3.040000
2018-02-26,10366.700195,3.030000
2018-02-27,10725.599609,3.060000
2018-02-28,10397.900391,3.020000
2018-03-01,10951.000000,2.970000
2018-03-02,11086.400391,3.020000
2018-03-05,11573.299805,3.040000
2018-03-06,10779.900391,3.030000
2018-03-07,9965.570312,3.040000
2018-03-08,9395.009766,3.010000
2018-03-09,9337.549805,3.040000
2018-03-12,9205.120117,3.000000
2018-03-13,9194.849609,2.980000
2018-03-14,8269.809570,2.940000
2018-03-15,8300.860352,2.940000
2018-03-16,8338.349609,2.960000
2018-03-19,8630.650391,2.970000
2018-03-20,8913.469727,3.010000
2018-03-21,8929.280273,3.010000
2018-03-22,8728.469727,2.940000
2018-03-23,8879.620117,2.940000
2018-03-26,8209.400391,2.960000
2018-03-27,7833.040039,2.900000
2018-03-28,7954.479980,2.890000
2018-03-29,7165.700195,2.850000
2018-04-02,7083.799805,2.850000
2018-04-03,7456.109863,2.900000
2018-04-04,6853.839844,2.910000
2018-04-05,6811.470215,2.950000
2018-04-06,6636.319824,2.890000
2018-04-09,6770.729980,2.890000
2018-04-10,6834.759766,2.890000
2018-04-11,6968.319824,2.870000
2018-04-12,7889.250000,2.920000
2018-04-13,7895.959961,2.910000
2018-04-16,8058.669922,2.910000
2018-04-17,7902.089844,2.890000
2018-04-18,8163.419922,2.950000
2018-04-19,8294.309570,3.010000
2018-04-20,8845.830078,3.040000
2018-04-23,8930.879883,3.050000
2018-04-24,9697.500000,3.080000
2018-04-25,8845.740234,3.120000
2018-04-26,9281.509766,3.080000
2018-04-27,8987.049805,3.030000
2018-04-30,9240.549805,3.010000
2018-05-01,9119.009766,3.030000
2018-05-02,9235.919922,3.040000
2018-05-03,9743.860352,3.020000
2018-05-04,9700.759766,3.020000
2018-05-07,9373.009766,3.020000
2018-05-08,9234.820312,3.040000
2018-05-09,9325.179688,3.070000
2018-05-10,9043.940430,3.040000
2018-05-11,8441.490234,3.030000
2018-05-14,8716.790039,3.060000
2018-05-15,8510.379883,3.140000
2018-05-16,8368.830078,3.160000
2018-05-17,8094.319824,3.190000
2018-05-18,8250.969727,3.140000
2018-05-21,8418.990234,3.130000
2018-05-22,8041.779785,3.140000
2018-05-23,7557.819824,3.090000
2018-05-24,7587.339844,3.060000
2018-05-25,7480.140137,3.010000
2018-05-29,7472.589844,2.870000
2018-05-30,7406.520020,2.930000
2018-05-31,7494.169922,2.910000
2018-06-01,7541.450195,2.960000
2018-06-04,7514.470215,3.000000
2018-06-05,7633.759766,2.990000
2018-06-06,7653.979980,3.050000
2018-06-07,7678.240234,3.000000
2018-06-08,7624.919922,3.000000
2018-06-11,6906.919922,3.020000
2018-06-12,6582.359863,3.020000
2018-06-13,6349.899902,3.040000
2018-06-14,6675.350098,2.990000
2018-06-15,6456.580078,2.980000
2018-06-18,6734.819824,2.980000
2018-06-19,6769.939941,2.950000
2018-06-20,6776.549805,2.990000
2018-06-21,6729.740234,2.970000
2018-06-22,6083.689941,2.970000
2018-06-25,6249.180176,2.950000
2018-06-26,6093.669922,2.950000
2018-06-27,6157.129883,2.900000
2018-06-28,5903.439941,2.910000
2018-06-29,6218.299805,2.910000
2018-07-02,6614.180176,2.920000
2018-07-03,6529.589844,2.890000
2018-07-05,6639.140137,2.880000
2018-07-06,6673.500000,2.870000
2018-07-09,6741.750000,2.900000
2018-07-10,6329.950195,2.910000
2018-07-11,6394.709961,2.890000
2018-07-12,6228.810059,2.890000
2018-07-13,6238.049805,2.870000
2018-07-16,6741.750000,2.900000
2018-07-17,7321.040039,2.910000
2018-07-18,7370.779785,2.930000
2018-07-19,7466.859863,2.900000
2018-07-20,7354.129883,2.960000
2018-07-23,7711.109863,3.040000
2018-07-24,8424.269531,3.020000
2018-07-25,8181.390137,3.000000
2018-07-26,7951.580078,3.050000
2018-07-27,8165.009766,3.030000
2018-07-30,8180.479980,3.050000
2018-07-31,7780.439941,3.030000
2018-08-01,7624.910156,3.070000
2018-08-02,7567.149902,3.060000
2018-08-03,7434.390137,3.030000
2018-08-06,6951.799805,3.020000
2018-08-07,6753.120117,3.060000
2018-08-08,6305.799805,3.050000
2018-08-09,6568.229980,3.010000
2018-08-10,6184.709961,2.960000
2018-08-13,6297.569824,2.970000
2018-08-14,6199.709961,2.980000
2018-08-15,6308.520020,2.950000
2018-08-16,6334.729980,2.950000
2018-08-17,6580.629883,2.950000
2018-08-20,6308.529785,2.910000
2018-08-21,6488.759766,2.930000
2018-08-22,6376.709961,2.910000
2018-08-23,6534.879883,2.900000
2018-08-24,6719.959961,2.890000
2018-08-27,6884.640137,2.920000
2018-08-28,7096.279785,2.960000
2018-08-29,7047.160156,2.960000
2018-08-30,6978.229980,2.930000
2018-08-31,7037.580078,2.950000
2018-09-04,7361.660156,2.990000
2018-09-05,6792.830078,3.000000
2018-09-06,6529.169922,2.980000
2018-09-07,6467.069824,3.030000
2018-09-10,6329.700195,3.020000
2018-09-11,6321.200195,3.060000
2018-09-12,6351.799805,3.040000
2018-09-13,6517.310059,3.040000
2018-09-14,6512.709961,3.070000
2018-09-17,6281.200195,3.070000
2018-09-18,6371.299805,3.140000
2018-09-19,6398.540039,3.160000
2018-09-20,6519.669922,3.150000
2018-09-21,6734.950195,3.140000
2018-09-24,6595.410156,3.150000
2018-09-25,6446.470215,3.170000
2018-09-26,6495.000000,3.140000
2018-09-27,6676.750000,3.130000
2018-09-28,6644.129883,3.130000
2018-10-01,6589.620117,3.180000
2018-10-02,6556.100098,3.140000
2018-10-03,6502.589844,3.240000
2018-10-04,6576.689941,3.290000
2018-10-05,6622.479980,3.340000
2018-10-09,6642.640137,3.300000
2018-10-10,6585.529785,3.330000
2018-10-11,6256.240234,3.250000
2018-10-12,6274.580078,3.250000
2018-10-15,6596.540039,3.270000
2018-10-16,6596.109863,3.260000
2018-10-17,6544.430176,3.290000
2018-10-18,6476.709961,3.280000
2018-10-19,6465.410156,3.310000
2018-10-22,6487.160156,3.310000
2018-10-23,6475.740234,3.290000
2018-10-24,6495.839844,3.240000
2018-10-25,6476.290039,3.270000
2018-10-26,6474.750000,3.230000
2018-10-29,6332.629883,3.230000
2018-10-30,6334.270020,3.260000
2018-10-31,6317.609863,3.300000
2018-11-01,6377.779785,3.290000
2018-11-02,6388.439941,3.370000
2018-11-05,6419.660156,3.340000
2018-11-06,6461.009766,3.350000
2018-11-07,6530.140137,3.350000
2018-11-08,6453.720215,3.360000
2018-11-09,6385.620117,3.320000
2018-11-13,6359.490234,3.280000
2018-11-14,5738.350098,3.260000
2018-11-15,5648.029785,3.270000
2018-11-16,5575.549805,3.230000
2018-11-19,4871.490234,3.220000
2018-11-20,4451.870117,3.220000
2018-11-21,4602.169922,3.220000
2018-11-23,4347.109863,3.210000
2018-11-26,3779.129883,3.220000
2018-11-27,3820.719971,3.220000
2018-11-28,4257.419922,3.230000
2018-11-29,4278.846680,3.210000
2018-11-30,4017.268555,3.190000
2018-12-03,3894.130859,3.150000
2018-12-04,3956.893799,3.050000
2018-12-06,3521.101807,3.010000
2018-12-07,3419.937256,3.010000
2018-12-10,3502.656006,3.000000
2018-12-11,3424.588135,3.020000
2018-12-12,3486.950195,3.040000
2018-12-13,3313.677246,3.050000
2018-12-14,3242.484863,3.030000
2018-12-17,3545.864746,3.000000
2018-12-18,3696.059082,2.960000
2018-12-19,3745.950684,2.890000
2018-12-20,4134.441406,2.920000
2018-12-21,3896.543701,2.920000
2018-12-24,4078.599121,2.880000
2018-12-26,3857.297607,2.940000
2018-12-27,3654.833496,2.920000
2018-12-28,3923.918701,2.890000
2018-12-31,3742.700439,2.870000
2019-01-02,3943.409424,2.830000
2019-01-03,3836.741211,2.750000
2019-01-04,3857.717529,2.830000
2019-01-07,4025.248291,2.860000
2019-01-08,4030.847900,2.880000
2019-01-09,4035.296387,2.900000
2019-01-10,3678.924561,2.920000
2019-01-11,3687.365479,2.900000
2019-01-14,3706.052246,2.910000
2019-01-15,3630.675293,2.920000
2019-01-16,3655.006836,2.920000
2019-01-17,3678.563965,2.930000
2019-01-18,3657.839355,2.950000
2019-01-22,3604.577148,2.910000
2019-01-23,3585.123047,2.930000
2019-01-24,3600.865479,2.890000
2019-01-25,3599.765869,2.920000
2019-01-28,3470.450439,2.920000
2019-01-29,3448.116943,2.900000
2019-01-30,3486.181641,2.900000
2019-01-31,3457.792725,2.830000
2019-02-01,3487.945312,2.880000
2019-02-04,3459.154053,2.920000
2019-02-05,3466.357422,2.890000
2019-02-06,3413.767822,2.880000
2019-02-07,3399.471680,2.850000
2019-02-08,3666.780273,2.820000
2019-02-11,3648.430664,2.850000
2019-02-12,3653.528564,2.870000
2019-02-13,3632.070557,2.890000
2019-02-14,3616.880859,2.850000
2019-02-15,3620.810791,2.840000
2019-02-19,3947.094482,2.840000
2019-02-20,3999.820557,2.840000
2019-02-21,3954.118164,2.890000
2019-02-22,4005.526611,2.860000
2019-02-25,3882.696289,2.870000
2019-02-26,3854.357910,2.840000
2019-02-27,3851.047363,2.910000
2019-02-28,3854.785400,2.940000
2019-03-01,3859.583740,2.970000
2019-03-04,3761.557129,2.930000
2019-03-05,3896.375000,2.930000
2019-03-06,3903.942627,2.900000
2019-03-07,3911.484375,2.860000
2019-03-08,3901.131592,2.830000
2019-03-11,3905.227295,2.860000
2019-03-12,3909.156250,2.820000
2019-03-13,3906.717285,2.820000
2019-03-14,3924.369141,2.860000
2019-03-15,3960.911133,2.830000
2019-03-18,4032.507324,2.830000
2019-03-19,4071.190186,2.840000
2019-03-20,4087.476318,2.790000
2019-03-21,4029.326904,2.780000
2019-03-22,4023.968262,2.690000
2019-03-25,3963.070557,2.680000
2019-03-26,3985.080811,2.670000
2019-03-27,4087.066162,2.630000
2019-03-28,4069.107178,2.620000
2019-03-29,4098.374512,2.630000
2019-04-01,4158.183105,2.710000
2019-04-02,4879.877930,2.700000
2019-04-03,4973.021973,2.750000
2019-04-04,4922.798828,2.740000
2019-04-05,5036.681152,2.720000
2019-04-08,5289.770996,2.740000
2019-04-09,5204.958496,2.730000
2019-04-10,5324.551758,2.710000
2019-04-11,5064.487793,2.740000
2019-04-12,5089.539062,2.780000
2019-04-15,5067.108398,2.770000
2019-04-16,5235.559570,2.810000
2019-04-17,5251.937988,2.810000
2019-04-18,5298.385742,2.780000
2019-04-22,5399.365234,2.820000
2019-04-23,5572.362305,2.810000
2019-04-24,5464.866699,2.760000
2019-04-25,5210.515625,2.760000
2019-04-26,5279.348145,2.740000
2019-04-29,5247.352539,2.780000
2019-04-30,5350.726562,2.750000
2019-05-01,5402.697266,2.740000
2019-05-02,5505.283691,2.770000
2019-05-03,5768.289551,2.750000
2019-05-06,5746.807129,2.730000
2019-05-07,5829.501465,2.680000
2019-05-08,5982.457520,2.710000
2019-05-09,6174.528809,2.690000
2019-05-10,6378.849121,2.700000
2019-05-13,7814.915039,2.650000
2019-05-14,7994.416016,2.670000
2019-05-15,8205.167969,2.630000
2019-05-16,7884.909180,2.650000
2019-05-17,7343.895508,2.630000
2019-05-20,7978.309082,2.650000
2019-05-21,7963.327637,2.670000
2019-05-22,7680.066406,2.640000
2019-05-23,7881.846680,2.560000
2019-05-24,7987.371582,2.570000
2019-05-28,8719.961914,2.520000
2019-05-29,8659.487305,2.500000
2019-05-30,8319.472656,2.460000
2019-05-31,8574.501953,2.390000
2019-06-03,8208.995117,2.340000
2019-06-04,7707.770996,2.410000
2019-06-05,7824.231445,2.420000
2019-06-06,7822.023438,2.420000
2019-06-07,8043.951172,2.360000
2019-06-10,8000.329590,2.420000
2019-06-11,7927.714355,2.420000
2019-06-12,8145.857422,2.410000
2019-06-13,8230.923828,2.390000
2019-06-14,8693.833008,2.380000
2019-06-17,9320.352539,2.370000
2019-06-18,9081.762695,2.340000
2019-06-19,9273.521484,2.320000
2019-06-20,9527.160156,2.310000
2019-06-21,10144.556641,2.370000
2019-06-24,11011.102539,2.330000
2019-06-25,11790.916992,2.310000
2019-06-26,13016.231445,2.350000
2019-06-27,11182.806641,2.310000
2019-06-28,12407.332031,2.310000
2019-07-01,10583.134766,2.340000
2019-07-02,10801.677734,2.290000
2019-07-03,11961.269531,2.250000
2019-07-05,10978.459961,2.340000
2019-07-08,12285.958008,2.320000
2019-07-09,12573.812500,2.340000
2019-07-10,12156.512695,2.360000
2019-07-11,11358.662109,2.420000
2019-07-12,11815.986328,2.420000
2019-07-15,10895.089844,2.390000
2019-07-16,9477.641602,2.420000
2019-07-17,9693.802734,2.350000
2019-07-18,10666.482422,2.340000
2019-07-19,10530.732422,2.350000
2019-07-22,10343.106445,2.360000
2019-07-23,9900.767578,2.380000
2019-07-24,9811.925781,2.360000
2019-07-25,9911.841797,2.380000
2019-07-26,9870.303711,2.380000
2019-07-29,9519.145508,2.370000
2019-07-30,9607.423828,2.360000
2019-07-31,10085.627930,2.310000
2019-08-01,10399.668945,2.210000
2019-08-02,10518.174805,2.160000
2019-08-05,11805.653320,2.070000
2019-08-06,11478.168945,2.030000
2019-08-07,11941.968750,2.010000
2019-08-08,11966.407227,2.020000
2019-08-09,11862.936523,2.030000
2019-08-12,11382.616211,1.920000
2019-08-13,10895.830078,1.940000
2019-08-14,10051.704102,1.840000
2019-08-15,10311.545898,1.800000
2019-08-16,10374.338867,1.820000
2019-08-19,10916.053711,1.880000
2019-08-20,10763.232422,1.840000
2019-08-21,10138.049805,1.870000
2019-08-22,10131.055664,1.900000
2019-08-23,10407.964844,1.820000
2019-08-26,10370.820312,1.840000
2019-08-27,10185.500000,1.770000
2019-08-28,9754.422852,1.760000
2019-08-29,9510.200195,1.780000
2019-08-30,9598.173828,1.780000
2019-09-03,10623.540039,1.770000
2019-09-04,10594.493164,1.770000
2019-09-05,10575.533203,1.860000
2019-09-06,10353.302734,1.830000
2019-09-09,10334.974609,1.910000
2019-09-10,10115.975586,2.000000
2019-09-11,10178.372070,2.020000
2019-09-12,10410.126953,2.060000
2019-09-13,10360.546875,2.170000
2019-09-16,10276.793945,2.110000
2019-09-17,10241.272461,2.080000
2019-09-18,10198.248047,2.060000
2019-09-19,10266.415039,2.040000
2019-09-20,10181.641602,1.990000
2019-09-23,9729.324219,1.980000
2019-09-24,8620.566406,1.910000
2019-09-25,8486.993164,1.990000
2019-09-26,8118.967773,1.960000
2019-09-27,8251.845703,1.950000
2019-09-30,8293.868164,1.940000
2019-10-01,8343.276367,1.930000
2019-10-02,8393.041992,1.900000
2019-10-03,8259.992188,1.850000
2019-10-04,8205.939453,1.810000
2019-10-07,8245.623047,1.850000
2019-10-08,8228.783203,1.840000
2019-10-09,8595.740234,1.880000
2019-10-10,8586.473633,1.960000
2019-10-11,8321.756836,2.040000
2019-10-15,8205.369141,2.060000
2019-10-16,8047.526855,2.050000
2019-10-17,8103.911133,2.050000
2019-10-18,7973.207520,2.060000
2019-10-21,8243.720703,2.100000
2019-10-22,8078.203125,2.070000
2019-10-23,7514.671875,2.060000
2019-10-24,7493.488770,2.080000
2019-10-25,8660.700195,2.100000
2019-10-28,9256.148438,2.160000
2019-10-29,9427.687500,2.150000
2019-10-30,9205.726562,2.080000
2019-10-31,9199.584961,2.000000
2019-11-01,9261.104492,2.030000
2019-11-04,9412.612305,2.100000
2019-11-05,9342.527344,2.170000
2019-11-06,9360.879883,2.130000
2019-11-07,9267.561523,2.240000
2019-11-08,8804.880859,2.270000
2019-11-12,8815.662109,2.240000
2019-11-13,8808.262695,2.200000
2019-11-14,8708.094727,2.150000
2019-11-15,8491.992188,2.160000
2019-11-18,8309.286133,2.140000
2019-11-19,8206.145508,2.110000
2019-11-20,8027.268066,2.050000
2019-11-21,7642.750000,2.090000
2019-11-22,7296.577637,2.080000
2019-11-25,7146.133789,2.070000
2019-11-26,7218.371094,2.040000
2019-11-27,7531.663574,2.060000
2019-11-29,7761.243652,2.070000
2019-12-02,7321.988281,2.150000
2019-12-03,7320.145508,2.030000
2019-12-04,7252.034668,2.080000
2019-12-05,7448.307617,2.110000
2019-12-06,7546.996582,2.140000
2019-12-09,7400.899414,2.130000
2019-12-10,7278.119629,2.120000
2019-12-11,7217.427246,2.080000
2019-12-12,7243.134277,2.180000
2019-12-13,7269.684570,2.110000
2019-12-16,6932.480469,2.170000
2019-12-17,6640.515137,2.180000
2019-12-18,7276.802734,2.220000
2019-12-19,7202.844238,2.210000
2019-12-20,7218.816406,2.210000
2019-12-23,7355.628418,2.220000
2019-12-24,7322.532227,2.200000
2019-12-26,7238.966797,2.190000
2019-12-27,7290.088379,2.180000
2019-12-30,7292.995117,2.210000
2019-12-31,7193.599121,2.250000
2020-01-02,6985.470215,2.190000
2020-01-03,7344.884277,2.110000
2020-01-06,7769.219238,2.130000
2020-01-07,8163.692383,2.160000
2020-01-08,8079.862793,2.210000
2020-01-09,7879.071289,2.170000
2020-01-10,8166.554199,2.140000
2020-01-13,8144.194336,2.160000
2020-01-14,8827.764648,2.120000
2020-01-15,8807.010742,2.090000
2020-01-16,8723.786133,2.110000
2020-01-17,8929.038086,2.160000
2020-01-21,8745.894531,2.100000
2020-01-22,8680.875977,2.070000
2020-01-23,8406.515625,2.030000
2020-01-24,8445.434570,2.000000
2020-01-27,8909.819336,1.910000
2020-01-28,9358.589844,1.950000
2020-01-29,9316.629883,1.890000
2020-01-30,9508.993164,1.880000
2020-01-31,9350.529297,1.830000
2020-02-03,9293.521484,1.840000
2020-02-04,9180.962891,1.910000
2020-02-05,9613.423828,1.970000
2020-02-06,9729.801758,1.940000
2020-02-07,9795.943359,1.890000
2020-02-10,9856.611328,1.870000
2020-02-11,10208.236328,1.890000
2020-02-12,10326.054688,1.930000
2020-02-13,10214.379883,1.910000
2020-02-14,10312.116211,1.890000
2020-02-18,10141.996094,1.850000
2020-02-19,9633.386719,1.860000
2020-02-20,9608.475586,1.810000
2020-02-21,9686.441406,1.750000
2020-02-24,9650.174805,1.680000
2020-02-25,9341.705078,1.630000
2020-02-26,8820.522461,1.640000
2020-02-27,8784.494141,1.610000
2020-02-28,8672.455078,1.460000
2020-03-02,8869.669922,1.460000
2020-03-03,8787.786133,1.440000
2020-03-04,8755.246094,1.450000
2020-03-05,9078.762695,1.340000
2020-03-06,9122.545898,1.090000
2020-03-09,7923.644531,0.870000
2020-03-10,7909.729492,1.160000
2020-03-11,7911.430176,1.130000
2020-03-12,4970.788086,1.270000
2020-03-13,5563.707031,1.310000
2020-03-16,5014.479980,1.100000
2020-03-17,5225.629395,1.450000
2020-03-18,5238.438477,1.600000
2020-03-19,6191.192871,1.560000
2020-03-20,6198.778320,1.350000
2020-03-23,6416.314941,1.120000
2020-03-24,6734.803711,1.190000
2020-03-25,6681.062988,1.230000
2020-03-26,6716.440430,1.200000
2020-03-27,6469.798340,1.090000
2020-03-30,6429.841797,1.100000
2020-03-31,6438.644531,1.150000
2020-04-01,6606.776367,1.040000
2020-04-02,6793.624512,1.040000
2020-04-03,6733.387207,1.050000
2020-04-06,7271.781250,1.080000
2020-04-07,7176.414551,1.130000
2020-04-08,7334.098633,1.180000
2020-04-09,7302.089355,1.150000
2020-04-13,6845.037598,1.190000
2020-04-14,6842.427734,1.190000
2020-04-15,6642.109863,1.060000
2020-04-16,7116.804199,1.010000
2020-04-17,7096.184570,1.080000
2020-04-20,6881.958496,1.040000
2020-04-21,6880.323242,0.980000
2020-04-22,7117.207520,1.030000
2020-04-23,7429.724609,0.990000
2020-04-24,7550.900879,0.980000
2020-04-27,7795.601074,1.060000
2020-04-28,7807.058594,1.000000
2020-04-29,8801.038086,1.020000
2020-04-30,8658.553711,1.050000
2020-05-01,8864.766602,1.040000
2020-05-04,8912.654297,1.050000
2020-05-05,9003.070312,1.070000
2020-05-06,9268.761719,1.160000
2020-05-07,9951.518555,1.050000
2020-05-08,9842.666016,1.120000
2020-05-11,8601.795898,1.160000
2020-05-12,8804.477539,1.110000
2020-05-13,9269.987305,1.070000
2020-05-14,9733.721680,1.030000
2020-05-15,9328.197266,1.050000
2020-05-18,9726.575195,1.170000
2020-05-19,9729.038086,1.150000
2020-05-20,9522.981445,1.190000
2020-05-21,9081.761719,1.160000
2020-05-22,9182.577148,1.120000
2020-05-26,8835.052734,1.190000
2020-05-27,9181.017578,1.190000
2020-05-28,9525.750977,1.230000
2020-05-29,9439.124023,1.180000
2020-06-01,10167.268555,1.220000
2020-06-02,9529.803711,1.240000
2020-06-03,9656.717773,1.320000
2020-06-04,9800.636719,1.380000
2020-06-05,9665.533203,1.460000
2020-06-08,9771.489258,1.430000
2020-06-09,9795.700195,1.370000
2020-06-10,9870.094727,1.310000
2020-06-11,9321.781250,1.190000
2020-06-12,9480.843750,1.240000
2020-06-15,9450.702148,1.240000
2020-06-16,9538.024414,1.310000
2020-06-17,9480.254883,1.300000
2020-06-18,9411.840820,1.240000
2020-06-19,9288.018555,1.230000
2020-06-22,9648.717773,1.230000
2020-06-23,9629.658203,1.250000
2020-06-24,9313.610352,1.210000
2020-06-25,9264.813477,1.200000
2020-06-26,9162.917969,1.150000
2020-06-29,9190.854492,1.160000
2020-06-30,9137.993164,1.180000
2020-07-01,9228.325195,1.200000
2020-07-02,9123.410156,1.200000
2020-07-06,9375.474609,1.210000
2020-07-07,9252.277344,1.150000
2020-07-08,9428.333008,1.160000
2020-07-09,9277.967773,1.090000
2020-07-10,9278.807617,1.120000
2020-07-13,9243.614258,1.110000
2020-07-14,9243.213867,1.090000
2020-07-15,9192.836914,1.110000
2020-07-16,9132.227539,1.090000
2020-07-17,9151.392578,1.110000
2020-07-20,9164.231445,1.100000
2020-07-21,9374.887695,1.090000
2020-07-22,9525.363281,1.080000
2020-07-23,9581.072266,1.030000
2020-07-24,9536.892578,1.030000
2020-07-27,10990.873047,1.050000
2020-07-28,10912.823242,1.010000
2020-07-29,11100.467773,1.030000
2020-07-30,11111.213867,0.980000
2020-07-31,11323.466797,0.980000
2020-08-03,11246.348633,1.010000
2020-08-04,11205.892578,0.960000
2020-08-05,11747.022461,1.000000
2020-08-06,11779.773438,0.980000
2020-08-07,11601.472656,1.010000
2020-08-10,11878.111328,1.040000
2020-08-11,11410.525391,1.100000
2020-08-12,11584.934570,1.150000
2020-08-13,11784.137695,1.200000
2020-08-14,11768.871094,1.210000
2020-08-17,12254.402344,1.190000
2020-08-18,11991.233398,1.160000
2020-08-19,11758.283203,1.200000
2020-08-20,11878.372070,1.150000
2020-08-21,11592.489258,1.130000
2020-08-24,11774.595703,1.140000
2020-08-25,11366.134766,1.180000
2020-08-26,11488.363281,1.200000
2020-08-27,11323.397461,1.280000
2020-08-28,11542.500000,1.290000
2020-08-31,11680.820312,1.260000
2020-09-01,11970.478516,1.200000
2020-09-02,11414.034180,1.160000
2020-09-03,10245.296875,1.130000
2020-09-04,10511.813477,1.250000
2020-09-08,10131.516602,1.220000
2020-09-09,10242.347656,1.250000
2020-09-10,10363.138672,1.220000
2020-09-11,10400.915039,1.210000
2020-09-14,10680.837891,1.210000
2020-09-15,10796.951172,1.210000
2020-09-16,10974.905273,1.230000
2020-09-17,10948.990234,1.220000
2020-09-18,10944.585938,1.240000
2020-09-21,10462.259766,1.220000
2020-09-22,10538.459961,1.210000
2020-09-23,10246.186523,1.210000
2020-09-24,10760.066406,1.190000
2020-09-25,10692.716797,1.190000
2020-09-28,10709.652344,1.200000
2020-09-29,10844.640625,1.190000
2020-09-30,10784.491211,1.230000
2020-10-01,10619.452148,1.230000
2020-10-02,10575.974609,1.250000
2020-10-05,10793.339844,1.340000
2020-10-06,10604.406250,1.330000
2020-10-07,10668.968750,1.370000
2020-10-08,10915.685547,1.340000
2020-10-09,11064.458008,1.340000
2020-10-13,11425.899414,1.290000
2020-10-14,11429.506836,1.280000
2020-10-15,11495.349609,1.290000
2020-10-16,11322.123047,1.300000
2020-10-19,11742.037109,1.320000
2020-10-20,11916.334961,1.370000
2020-10-21,12823.689453,1.400000
2020-10-22,12965.891602,1.430000
2020-10-23,12931.539062,1.410000
2020-10-26,13075.248047,1.370000
2020-10-27,13654.218750,1.340000
2020-10-28,13271.285156,1.340000
2020-10-29,13437.882812,1.390000
2020-10-30,13546.522461,1.430000
2020-11-02,13550.489258,1.410000
2020-11-03,13950.300781,1.440000
2020-11-04,14133.707031,1.330000
2020-11-05,15579.848633,1.320000
2020-11-06,15565.880859,1.370000
2020-11-09,15332.315430,1.510000
2020-11-10,15290.902344,1.530000
2020-11-12,16276.343750,1.420000
2020-11-13,16317.808594,1.430000
2020-11-16,16716.111328,1.440000
2020-11-17,17645.406250,1.400000
2020-11-18,17804.005859,1.420000
2020-11-19,17817.089844,1.380000
2020-11-20,18621.314453,1.330000
2020-11-23,18364.121094,1.360000
2020-11-24,19107.464844,1.400000
2020-11-25,18732.121094,1.410000
2020-11-27,17108.402344,1.360000
2020-11-30,19625.835938,1.370000
2020-12-01,18802.998047,1.460000
2020-12-02,19201.091797,1.500000
2020-12-03,19445.398438,1.460000
2020-12-04,18699.765625,1.530000
2020-12-07,19191.630859,1.490000
2020-12-08,18321.144531,1.460000
2020-12-09,18553.916016,1.480000
2020-12-10,18264.992188,1.440000
2020-12-11,18058.904297,1.420000
2020-12-14,19246.644531,1.430000
2020-12-15,19417.076172,1.450000
2020-12-16,21310.597656,1.460000
2020-12-17,22805.162109,1.470000
2020-12-18,23137.960938,1.490000
2020-12-21,22803.082031,1.480000
2020-12-22,23783.029297,1.450000
2020-12-23,23241.345703,1.490000
2020-12-24,23735.949219,1.460000
2020-12-28,27084.808594,1.460000
2020-12-29,27362.437500,1.470000
2020-12-30,28840.953125,1.460000
2020-12-31,29001.720703,1.450000
2021-01-04,31971.914062,1.460000
2021-01-05,33992.429688,1.490000
2021-01-06,36824.363281,1.600000
2021-01-07,39371.042969,1.640000
2021-01-08,40797.609375,1.670000
2021-01-11,35566.656250,1.680000
2021-01-12,33922.960938,1.680000
2021-01-13,37316.359375,1.630000
2021-01-14,39187.328125,1.690000
2021-01-15,36825.367188,1.660000
2021-01-19,36069.804688,1.650000
2021-01-20,35547.750000,1.650000
2021-01-21,30825.699219,1.680000
2021-01-22,33005.761719,1.660000
2021-01-25,32366.392578,1.610000
2021-01-26,32569.849609,1.610000
2021-01-27,30432.546875,1.600000
2021-01-28,33466.097656,1.630000
2021-01-29,34316.386719,1.680000
2021-02-01,33537.175781,1.660000
2021-02-02,35510.289062,1.690000
2021-02-03,37472.089844,1.730000
2021-02-04,36926.066406,1.750000
2021-02-05,38144.308594,1.790000
2021-02-08,46196.464844,1.780000
2021-02-09,46481.105469,1.780000
2021-02-10,44918.183594,1.750000
2021-02-11,47909.332031,1.770000
2021-02-12,47504.851562,1.830000
2021-02-16,49199.871094,1.920000
2021-02-17,52149.007812,1.920000
2021-02-18,51679.796875,1.910000
2021-02-19,55888.132812,1.980000
2021-02-22,54207.320312,2.020000
2021-02-23,48824.425781,2.030000
2021-02-24,49705.332031,2.070000
2021-02-25,47093.851562,2.250000
2021-02-26,46339.761719,2.080000
2021-03-01,49631.242188,2.110000
2021-03-02,48378.988281,2.090000
2021-03-03,50538.242188,2.120000
2021-03-04,48561.167969,2.180000
2021-03-05,48927.304688,2.180000
2021-03-08,52246.523438,2.200000
2021-03-09,54824.117188,2.160000
2021-03-10,56008.550781,2.150000
2021-03-11,57805.121094,2.180000
2021-03-12,57332.089844,2.310000
2021-03-15,55907.199219,2.270000
2021-03-16,56804.902344,2.300000
2021-03-17,58870.894531,2.320000
2021-03-18,57858.921875,2.360000
2021-03-19,58346.652344,2.360000
2021-03-22,54529.144531,2.290000
2021-03-23,54738.945312,2.240000
2021-03-24,52774.265625,2.210000
2021-03-25,51704.160156,2.240000
2021-03-26,55137.312500,2.270000
2021-03-29,57750.199219,2.320000
2021-03-30,58917.691406,2.290000
2021-03-31,58918.832031,2.310000
2021-04-01,59095.808594,2.240000
2021-04-02,59384.312500,2.270000
2021-04-05,59057.878906,2.280000
2021-04-06,58192.359375,2.240000
2021-04-07,56048.937500,2.260000
2021-04-08,58323.953125,2.220000
2021-04-09,58245.003906,2.230000
2021-04-12,59893.453125,2.240000
2021-04-13,63503.457031,2.210000
2021-04-14,63109.695312,2.220000
2021-04-15,63314.011719,2.130000
2021-04-16,61572.789062,2.150000
2021-04-19,55724.265625,2.180000
2021-04-20,56473.031250,2.160000
2021-04-21,53906.089844,2.160000
2021-04-22,51762.273438,2.130000
2021-04-23,51093.652344,2.140000
2021-04-26,54021.753906,2.130000
2021-04-27,55033.117188,2.180000
2021-04-28,54824.703125,2.190000
2021-04-29,53555.109375,2.200000
2021-04-30,57750.175781,2.190000
2021-05-03,57200.292969,2.180000
2021-05-04,53333.539062,2.160000
2021-05-05,57424.007812,2.140000
2021-05-06,56396.515625,2.140000
2021-05-07,57356.402344,2.170000
2021-05-10,55859.796875,2.200000
2021-05-11,56704.574219,2.230000
2021-05-12,49150.535156,2.290000
2021-05-13,49716.191406,2.280000
2021-05-14,49880.535156,2.250000
2021-05-17,43537.511719,2.270000
2021-05-18,42909.402344,2.270000
2021-05-19,37002.441406,2.300000
2021-05-20,40782.738281,2.250000
2021-05-21,37304.691406,2.240000
2021-05-24,38705.980469,2.220000
2021-05-25,38402.222656,2.160000
2021-05-26,39294.199219,2.170000
2021-05-27,38436.968750,2.200000
2021-05-28,35697.605469,2.180000
2021-06-01,36684.925781,2.220000
2021-06-02,37575.179688,2.210000
2021-06-03,39208.765625,2.220000
2021-06-04,36894.406250,2.160000
2021-06-07,33560.707031,2.170000
2021-06-08,33472.632812,2.130000
2021-06-09,37345.121094,2.100000
2021-06-10,36702.597656,2.070000
2021-06-11,37334.398438,2.080000
2021-06-14,40218.476562,2.120000
2021-06-15,40406.269531,2.120000
2021-06-16,38347.062500,2.130000
2021-06-17,38053.503906,2.050000
2021-06-18,35787.246094,1.970000
2021-06-21,31676.693359,2.050000
2021-06-22,32505.660156,2.030000
2021-06-23,33723.027344,2.040000
2021-06-24,34662.437500,2.030000
2021-06-25,31637.779297,2.090000
2021-06-28,34434.335938,2.040000
2021-06-29,35867.777344,2.030000
2021-06-30,35040.835938,2.000000
2021-07-01,33572.117188,2.010000
2021-07-02,33897.046875,1.980000
2021-07-06,34235.195312,1.920000
2021-07-07,33855.328125,1.870000
2021-07-08,32877.371094,1.840000
2021-07-09,33798.011719,1.910000
2021-07-12,33155.847656,1.930000
2021-07-13,32702.025391,1.960000
2021-07-14,32822.347656,1.910000
2021-07-15,31780.730469,1.850000
2021-07-16,31421.539062,1.860000
2021-07-19,30817.832031,1.740000
2021-07-20,29807.347656,1.790000
2021-07-21,32110.693359,1.870000
2021-07-22,32313.105469,1.820000
2021-07-23,33581.550781,1.850000
2021-07-26,37337.535156,1.850000
2021-07-27,39406.941406,1.810000
2021-07-28,39995.906250,1.830000
2021-07-29,40008.421875,1.840000
2021-07-30,42235.546875,1.810000
2021-08-02,39201.945312,1.770000
2021-08-03,38152.980469,1.760000
2021-08-04,39747.503906,1.740000
2021-08-05,40869.554688,1.770000
2021-08-06,42816.500000,1.850000
2021-08-09,46365.402344,1.870000
2021-08-10,45585.031250,1.900000
2021-08-11,45593.636719,1.900000
2021-08-12,44428.289062,1.920000
2021-08-13,47793.320312,1.850000
2021-08-16,46004.484375,1.820000
2021-08-17,44695.359375,1.820000
2021-08-18,44801.187500,1.840000
2021-08-19,46717.578125,1.800000
2021-08-20,49339.175781,1.790000
2021-08-23,49546.148438,1.790000
2021-08-24,47706.117188,1.830000
2021-08-25,48960.789062,1.880000
2021-08-26,46942.218750,1.870000
2021-08-27,49058.667969,1.840000
2021-08-30,47054.984375,1.820000
2021-08-31,47166.687500,1.850000
2021-09-01,48847.027344,1.840000
2021-09-02,49327.722656,1.830000
2021-09-03,50025.375000,1.870000
2021-09-07,46811.128906,1.910000
2021-09-08,46091.390625,1.880000
2021-09-09,46391.421875,1.830000
2021-09-10,44883.910156,1.860000
2021-09-13,44963.074219,1.830000
2021-09-14,47092.492188,1.780000
2021-09-15,48176.347656,1.800000
2021-09-16,47783.359375,1.830000
2021-09-17,47267.519531,1.850000
2021-09-20,42843.800781,1.790000
2021-09-21,40693.675781,1.810000
2021-09-22,43574.507812,1.780000
2021-09-23,44895.097656,1.870000
2021-09-24,42839.750000,1.940000
2021-09-27,42235.730469,1.950000
2021-09-28,41034.542969,2.020000
2021-09-29,41564.363281,2.040000
2021-09-30,43790.894531,2.020000
2021-10-01,48116.941406,1.990000
2021-10-04,49112.902344,1.990000
2021-10-05,51514.812500,2.040000
2021-10-06,55361.449219,2.020000
2021-10-07,53805.984375,2.080000
2021-10-08,53967.847656,2.110000
2021-10-12,56041.058594,2.050000
2021-10-13,57401.097656,2.000000
2021-10-14,57321.523438,1.970000
2021-10-15,61593.949219,2.020000
2021-10-18,62026.078125,1.990000
2021-10-19,64261.992188,2.070000
2021-10-20,65992.835938,2.090000
2021-10-21,62210.171875,2.100000
2021-10-22,60692.265625,2.060000
2021-10-25,63039.824219,2.070000
2021-10-26,60363.792969,2.030000
2021-10-27,58482.386719,1.930000
2021-10-28,60622.136719,1.980000
2021-10-29,62227.964844,1.980000
2021-11-01,61004.406250,2.010000
2021-11-02,63226.402344,1.970000
2021-11-03,62970.046875,2.010000
2021-11-04,61452.230469,1.960000
2021-11-05,61125.675781,1.880000
2021-11-08,67566.828125,1.910000
2021-11-09,66971.828125,1.860000
2021-11-10,64995.230469,1.960000
2021-11-12,64155.941406,1.990000
2021-11-15,63557.871094,2.050000
2021-11-16,60161.246094,2.060000
2021-11-17,60368.011719,2.040000
2021-11-18,56942.136719,2.010000
2021-11-19,58119.578125,1.950000
2021-11-22,56289.289062,2.030000
2021-11-23,57569.074219,2.080000
2021-11-24,56280.425781,2.030000
2021-11-26,53569.765625,1.890000
2021-11-29,57806.566406,1.930000
2021-11-30,57005.425781,1.850000
2021-12-01,57229.828125,1.840000
2021-12-02,56477.816406,1.870000
2021-12-03,53598.246094,1.770000
2021-12-06,50582.625000,1.840000
2021-12-07,50700.085938,1.880000
2021-12-08,50504.796875,1.930000
2021-12-09,47672.121094,1.910000
2021-12-10,47243.304688,1.910000
2021-12-13,46737.480469,1.860000
2021-12-14,46612.632812,1.870000
2021-12-15,48896.722656,1.910000
2021-12-16,47665.425781,1.910000
2021-12-17,46202.144531,1.870000
2021-12-20,46880.277344,1.900000
2021-12-21,48936.613281,1.920000
2021-12-22,48628.511719,1.890000
2021-12-23,50784.539062,1.940000
2021-12-27,50640.417969,1.920000
2021-12-28,47588.855469,1.940000
2021-12-29,46444.710938,2.000000
2021-12-30,47178.125000,1.970000
2021-12-31,46306.445312,1.940000
2022-01-03,46458.117188,2.050000
2022-01-04,45897.574219,2.100000
2022-01-05,43569.003906,2.120000
2022-01-06,43160.929688,2.120000
2022-01-07,41557.902344,2.150000
2022-01-10,41821.261719,2.150000
2022-01-11,42735.855469,2.130000
2022-01-12,43949.101562,2.130000
2022-01-13,42591.570312,2.100000
2022-01-14,43099.699219,2.180000
2022-01-18,42375.632812,2.240000
2022-01-19,41744.328125,2.200000
2022-01-20,40680.417969,2.190000
2022-01-21,36457.316406,2.130000
2022-01-24,36654.328125,2.150000
2022-01-25,36954.003906,2.180000
2022-01-26,36852.121094,2.220000
2022-01-27,37138.234375,2.170000
2022-01-28,37784.332031,2.140000
2022-01-31,38483.125000,2.170000
2022-02-01,38743.273438,2.190000
2022-02-02,36952.984375,2.170000
2022-02-03,37154.601562,2.200000
2022-02-04,41500.875000,2.290000
2022-02-07,43840.285156,2.280000
2022-02-08,44118.445312,2.310000
2022-02-09,44338.796875,2.310000
2022-02-10,43565.113281,2.370000
2022-02-11,42407.937500,2.300000
2022-02-14,42586.917969,2.350000
2022-02-15,44575.203125,2.420000
2022-02-16,43961.859375,2.390000
2022-02-17,40538.011719,2.350000
2022-02-18,40030.976562,2.300000
2022-02-22,38286.027344,2.310000
2022-02-23,37296.570312,2.360000
2022-02-24,38332.609375,2.360000
2022-02-25,39214.218750,2.370000
2022-02-28,43193.234375,2.250000
2022-03-01,44354.636719,2.190000
2022-03-02,43924.117188,2.320000
2022-03-03,42451.789062,2.320000
2022-03-04,39137.605469,2.230000
2022-03-07,38062.039062,2.290000
2022-03-08,38737.269531,2.340000
2022-03-09,41982.925781,2.380000
2022-03-10,39437.460938,2.450000
2022-03-11,38794.972656,2.450000
2022-03-14,39666.753906,2.560000
2022-03-15,39338.785156,2.570000
2022-03-16,41143.929688,2.560000
2022-03-17,40951.378906,2.600000
2022-03-18,41801.156250,2.530000
2022-03-21,41077.996094,2.670000
2022-03-22,42358.808594,2.710000
2022-03-23,42892.957031,2.650000
2022-03-24,43960.933594,2.630000
2022-03-25,44348.730469,2.740000
2022-03-28,47128.003906,2.720000
2022-03-29,47465.730469,2.680000
2022-03-30,47062.664062,2.630000
2022-03-31,45538.675781,2.590000
2022-04-01,46281.644531,2.600000
2022-04-04,46622.675781,2.640000
2022-04-05,45555.992188,2.740000
2022-04-06,43206.738281,2.810000
2022-04-07,43503.847656,2.870000
2022-04-08,42287.664062,2.940000
2022-04-11,39521.902344,3.020000
2022-04-12,40127.183594,2.990000
2022-04-13,41166.730469,2.970000
2022-04-14,39935.515625,3.090000
2022-04-18,40826.214844,3.120000
2022-04-19,41502.750000,3.190000
2022-04-20,41374.378906,3.080000
2022-04-21,40527.363281,3.120000
2022-04-22,39740.320312,3.140000
2022-04-25,40458.308594,3.060000
2022-04-26,38117.460938,3.030000
2022-04-27,39241.121094,3.080000
2022-04-28,39773.828125,3.100000
2022-04-29,38609.824219,3.140000
2022-05-02,38529.328125,3.260000
2022-05-03,37750.453125,3.210000
2022-05-04,39698.371094,3.210000
2022-05-05,36575.140625,3.350000
2022-05-06,36040.921875,3.430000
2022-05-09,30296.953125,3.380000
2022-05-10,31022.906250,3.310000
2022-05-11,28936.355469,3.250000
2022-05-12,29047.751953,3.220000
2022-05-13,29283.103516,3.320000
2022-05-16,29862.917969,3.300000
2022-05-17,30425.857422,3.360000
2022-05-18,28720.271484,3.240000
2022-05-19,30314.333984,3.240000
2022-05-20,29200.740234,3.170000
2022-05-23,29098.910156,3.260000
2022-05-24,29655.585938,3.160000
2022-05-25,29562.361328,3.140000
2022-05-26,29267.224609,3.180000
2022-05-27,28627.574219,3.160000
2022-05-31,31792.310547,3.280000
2022-06-01,29799.080078,3.310000
2022-06-02,30467.488281,3.300000
2022-06-03,29704.390625,3.330000
2022-06-06,31370.671875,3.410000
2022-06-07,31155.478516,3.350000
2022-06-08,30214.355469,3.400000
2022-06-09,30111.998047,3.400000
2022-06-10,29083.804688,3.450000
2022-06-13,22487.388672,3.680000
2022-06-14,22206.792969,3.720000
2022-06-15,22572.839844,3.640000
2022-06-16,20381.650391,3.590000
2022-06-17,20471.482422,3.550000
2022-06-21,20710.597656,3.630000
2022-06-22,19987.029297,3.490000
2022-06-23,21085.876953,3.450000
2022-06-24,21231.656250,3.510000
2022-06-27,20735.478516,3.560000
2022-06-28,20280.634766,3.550000
2022-06-29,20104.023438,3.460000
2022-06-30,19784.726562,3.380000
2022-07-01,19269.367188,3.350000
2022-07-05,20190.115234,3.310000
2022-07-06,20548.246094,3.420000
2022-07-07,21637.587891,3.450000
2022-07-08,21731.117188,3.530000
2022-07-11,19970.556641,3.430000
2022-07-12,19323.914062,3.370000
2022-07-13,20212.074219,3.350000
2022-07-14,20569.919922,3.360000
2022-07-15,20836.328125,3.340000
2022-07-18,22485.689453,3.390000
2022-07-19,23389.433594,3.420000
2022-07-20,23231.732422,3.430000
2022-07-21,23164.628906,3.330000
2022-07-22,22714.978516,3.230000
2022-07-25,21361.701172,3.280000
2022-07-26,21239.753906,3.270000
2022-07-27,22930.548828,3.260000
2022-07-28,23843.886719,3.230000
2022-07-29,23804.632812,3.200000
2022-08-01,23314.199219,3.120000
2022-08-02,22978.117188,3.220000
2022-08-03,22846.507812,3.170000
2022-08-04,22630.957031,3.150000
2022-08-05,23289.314453,3.270000
2022-08-08,23809.486328,3.220000
2022-08-09,23164.318359,3.240000
2022-08-10,23947.642578,3.270000
2022-08-11,23957.529297,3.380000
2022-08-12,24402.818359,3.340000
2022-08-15,24136.972656,3.310000
2022-08-16,23883.291016,3.310000
2022-08-17,23335.998047,3.370000
2022-08-18,23212.738281,3.350000
2022-08-19,20877.552734,3.440000
2022-08-22,21398.908203,3.480000
2022-08-23,21528.087891,3.490000
2022-08-24,21395.019531,3.550000
2022-08-25,21600.904297,3.470000
2022-08-26,20260.019531,3.440000
2022-08-29,20297.994141,3.500000
2022-08-30,19796.808594,3.490000
2022-08-31,20049.763672,3.530000
2022-09-01,20127.140625,3.640000
2022-09-02,19969.771484,3.610000
2022-09-06,18837.667969,3.740000
2022-09-07,19290.324219,3.670000
2022-09-08,19329.833984,3.690000
2022-09-09,21381.152344,3.710000
2022-09-12,22370.449219,3.760000
2022-09-13,20296.707031,3.750000
2022-09-14,20241.089844,3.730000
2022-09-15,19701.210938,3.750000
2022-09-16,19772.583984,3.790000
2022-09-19,19544.128906,3.770000
2022-09-20,18890.789062,3.830000
2022-09-21,18547.400391,3.730000
2022-09-22,19413.550781,3.900000
2022-09-23,19297.638672,3.870000
2022-09-26,19222.671875,4.010000
2022-09-27,19110.546875,4.150000
2022-09-28,19426.720703,3.980000
2022-09-29,19573.050781,4.000000
2022-09-30,19431.789062,4.080000
2022-10-03,19623.580078,4.000000
2022-10-04,20336.843750,3.950000
2022-10-05,20160.716797,4.050000
2022-10-06,19955.443359,4.080000
2022-10-07,19546.849609,4.130000
2022-10-11,19051.417969,4.190000
2022-10-12,19157.445312,4.180000
2022-10-13,19382.904297,4.250000
2022-10-14,19185.656250,4.260000
2022-10-17,19550.757812,4.290000
2022-10-18,19334.416016,4.270000
2022-10-19,19139.535156,4.380000
2022-10-20,19053.740234,4.470000
2022-10-21,19172.468750,4.540000
2022-10-24,19345.572266,4.590000
2022-10-25,20095.857422,4.450000
2022-10-26,20770.441406,4.380000
2022-10-27,20285.835938,4.320000
2022-10-28,20595.351562,4.380000
2022-10-31,20495.773438,4.440000
2022-11-01,20485.273438,4.370000
2022-11-02,20159.503906,4.410000
2022-11-03,20209.988281,4.420000
2022-11-04,21147.230469,4.490000
2022-11-07,20602.816406,4.550000
2022-11-08,18541.271484,4.470000
2022-11-09,15880.780273,4.500000
2022-11-10,17586.771484,4.240000
2022-11-14,16618.199219,4.280000
2022-11-15,16884.613281,4.200000
2022-11-16,16669.439453,4.030000
2022-11-17,16687.517578,4.100000
2022-11-18,16697.777344,4.130000
2022-11-21,15787.284180,4.140000
2022-11-22,16189.769531,4.050000
2022-11-23,16610.707031,3.970000
2022-11-25,16521.841797,3.970000
2022-11-28,16217.322266,3.970000
2022-11-29,16444.982422,4.020000
2022-11-30,17168.566406,4.000000
2022-12-01,16967.132812,3.850000
2022-12-02,17088.660156,3.790000
2022-12-05,16974.826172,3.840000
2022-12-06,17089.503906,3.770000
2022-12-07,16848.126953,3.660000
2022-12-08,17233.474609,3.710000
2022-12-09,17133.152344,3.820000
2022-12-12,17206.437500,3.840000
2022-12-13,17781.318359,3.740000
2022-12-14,17815.650391,3.740000
2022-12-15,17364.865234,3.690000
2022-12-16,16647.484375,3.730000
2022-12-19,16439.679688,3.820000
2022-12-20,16906.304688,3.940000
2022-12-21,16817.535156,3.930000
2022-12-22,16830.341797,3.910000
2022-12-23,16796.953125,3.990000
2022-12-27,16717.173828,4.100000
2022-12-28,16552.572266,4.130000
2022-12-29,16642.341797,4.090000
2022-12-30,16602.585938,4.140000
2023-01-03,16679.857422,4.060000
2023-01-04,16863.238281,3.970000
2023-01-05,16836.736328,3.960000
2023-01-06,16951.968750,3.840000
2023-01-09,17196.554688,3.830000
2023-01-10,17446.292969,3.910000
2023-01-11,17934.896484,3.840000
2023-01-12,18869.587891,3.730000
2023-01-13,19909.574219,3.790000
2023-01-17,21161.519531,3.810000
2023-01-18,20688.781250,3.650000
2023-01-19,21086.792969,3.690000
2023-01-20,22676.552734,3.770000
2023-01-23,22934.431641,3.800000
2023-01-24,22636.468750,3.730000
2023-01-25,23117.859375,3.740000
2023-01-26,23032.777344,3.750000
2023-01-27,23078.728516,3.770000
2023-01-30,22840.138672,3.790000
2023-01-31,23139.283203,3.780000
2023-02-01,23723.769531,3.670000
2023-02-02,23471.871094,3.670000
2023-02-03,23449.322266,3.770000
2023-02-06,22760.109375,3.820000
2023-02-07,23264.291016,3.870000
2023-02-08,22939.398438,3.860000
2023-02-09,21819.039062,3.900000
2023-02-10,21651.183594,3.960000
2023-02-13,21808.101562,3.920000
2023-02-14,22220.804688,3.940000
2023-02-15,24307.841797,3.970000
2023-02-16,23623.474609,4.050000
2023-02-17,24565.601562,4.010000
2023-02-21,24436.353516,4.120000
2023-02-22,24188.843750,4.090000
2023-02-23,23947.492188,4.040000
2023-02-24,23198.126953,4.110000
2023-02-27,23522.871094,4.110000
2023-02-28,23147.353516,4.100000
2023-03-01,23646.550781,4.170000
2023-03-02,23475.466797,4.240000
2023-03-03,22362.679688,4.120000
2023-03-06,22429.757812,4.140000
2023-03-07,22219.769531,4.110000
2023-03-08,21718.080078,4.110000
2023-03-09,20363.021484,4.090000
2023-03-10,20187.244141,3.900000
2023-03-13,24197.533203,3.850000
2023-03-14,24746.074219,3.910000
2023-03-15,24375.960938,3.820000
2023-03-16,25052.789062,3.870000
2023-03-17,27423.929688,3.760000
2023-03-20,27767.236328,3.830000
2023-03-21,28175.816406,3.900000
2023-03-22,27307.437500,3.830000
2023-03-23,28333.972656,3.780000
2023-03-24,27493.285156,3.770000
2023-03-27,27139.888672,3.900000
2023-03-28,27268.130859,3.900000
2023-03-29,28348.441406,3.910000
2023-03-30,28033.562500,3.880000
2023-03-31,28478.484375,3.810000
2023-04-03,27790.220703,3.780000
2023-04-04,28168.089844,3.720000
2023-04-05,28177.984375,3.670000
2023-04-06,28044.140625,3.660000
2023-04-07,27925.859375,3.730000
2023-04-10,29652.980469,3.740000
2023-04-11,30235.058594,3.750000
2023-04-12,30139.052734,3.750000
2023-04-13,30399.066406,3.800000
2023-04-14,30485.699219,3.850000
2023-04-17,29445.044922,3.920000
2023-04-18,30397.552734,3.910000
2023-04-19,28822.679688,3.900000
2023-04-20,28245.988281,3.870000
2023-04-21,27276.910156,3.900000
2023-04-24,27525.339844,3.850000
2023-04-25,28307.597656,3.770000
2023-04-26,28422.701172,3.810000
2023-04-27,29473.787109,3.880000
2023-04-28,29340.261719,3.800000
2023-05-01,28091.568359,3.950000
2023-05-02,28680.537109,3.820000
2023-05-03,29006.308594,3.790000
2023-05-04,28847.710938,3.800000
2023-05-05,29534.384766,3.850000
2023-05-08,27694.273438,3.920000
2023-05-09,27658.775391,3.940000
2023-05-10,27621.755859,3.880000
2023-05-11,27000.789062,3.820000
2023-05-12,26804.990234,3.870000
2023-05-15,27192.693359,3.920000
2023-05-16,27036.650391,3.960000
2023-05-17,27398.802734,3.960000
2023-05-18,26832.208984,4.020000
2023-05-19,26890.128906,4.070000
2023-05-22,26851.277344,4.090000
2023-05-23,27225.726562,4.080000
2023-05-24,26334.818359,4.100000
2023-05-25,26476.207031,4.160000
2023-05-26,26719.291016,4.130000
2023-05-30,27702.349609,4.060000
2023-05-31,27219.658203,4.010000
2023-06-01,26819.972656,3.980000
2023-06-02,27249.589844,4.030000
2023-06-05,25760.097656,4.030000
2023-06-06,27238.783203,4.020000
2023-06-07,26345.998047,4.120000
2023-06-08,26508.216797,4.050000
2023-06-09,26480.375000,4.050000
2023-06-12,25902.500000,4.040000
2023-06-13,25918.728516,4.120000
2023-06-14,25124.675781,4.090000
2023-06-15,25576.394531,4.020000
2023-06-16,26327.462891,4.050000
2023-06-20,28327.488281,4.010000
2023-06-21,30027.296875,3.990000
2023-06-22,29912.281250,4.060000
2023-06-23,30695.468750,4.010000
2023-06-26,30271.130859,4.010000
2023-06-27,30688.164062,4.030000
2023-06-28,30086.246094,4.000000
2023-06-29,30445.351562,4.110000
2023-06-30,30477.251953,4.060000
2023-07-03,31156.439453,4.080000
2023-07-05,30514.166016,4.170000
2023-07-06,29909.337891,4.230000
2023-07-07,30342.265625,4.270000
2023-07-10,30414.470703,4.240000
2023-07-11,30620.951172,4.220000
2023-07-12,30391.646484,4.140000
2023-07-13,31476.048828,4.070000
2023-07-14,30334.068359,4.110000
2023-07-17,30145.888672,4.100000
2023-07-18,29856.562500,4.080000
2023-07-19,29913.923828,4.010000
2023-07-20,29792.015625,4.100000
2023-07-21,29908.744141,4.100000
2023-07-24,29176.916016,4.110000
2023-07-25,29227.390625,4.140000
2023-07-26,29354.972656,4.120000
2023-07-27,29210.689453,4.260000
2023-07-28,29319.246094,4.220000
2023-07-31,29230.111328,4.220000
2023-08-01,29675.732422,4.300000
2023-08-02,29151.958984,4.350000
2023-08-03,29178.679688,4.490000
2023-08-04,29074.091797,4.360000
2023-08-07,29180.578125,4.420000
2023-08-08,29765.492188,4.350000
2023-08-09,29561.494141,4.330000
2023-08-10,29429.591797,4.410000
2023-08-11,29397.714844,4.450000
2023-08-14,29408.443359,4.460000
2023-08-15,29170.347656,4.490000
2023-08-16,28701.779297,4.550000
2023-08-17,26664.550781,4.580000
2023-08-18,26049.556641,4.550000
2023-08-21,26124.140625,4.640000
2023-08-22,26031.656250,4.610000
2023-08-23,26431.640625,4.460000
2023-08-24,26162.373047,4.490000
2023-08-25,26047.667969,4.500000
2023-08-28,26106.150391,4.480000
2023-08-29,27727.392578,4.420000
2023-08-30,27297.265625,4.420000
2023-08-31,25931.472656,4.390000
2023-09-01,25800.724609,4.480000
2023-09-05,25779.982422,4.560000
2023-09-06,25753.236328,4.560000
2023-09-07,26240.195312,4.550000
2023-09-08,25905.654297,4.520000
2023-09-11,25162.654297,4.560000
2023-09-12,25833.343750,4.540000
2023-09-13,26228.324219,4.520000
2023-09-14,26539.673828,4.570000
2023-09-15,26608.693359,4.590000
2023-09-18,26754.281250,4.570000
2023-09-19,27211.117188,4.600000
2023-09-20,27132.007812,4.570000
2023-09-21,26567.632812,4.740000
2023-09-22,26579.568359,4.700000
2023-09-25,26298.480469,4.840000
2023-09-26,26217.250000,4.860000
2023-09-27,26352.716797,4.910000
2023-09-28,27021.546875,4.900000
2023-09-29,26911.720703,4.920000
2023-10-02,27530.785156,5.000000
2023-10-03,27429.978516,5.130000
2023-10-04,27799.394531,5.050000
2023-10-05,27415.912109,5.060000
2023-10-06,27946.597656,5.130000
2023-10-10,27391.019531,5.030000
2023-10-11,26873.320312,4.920000
2023-10-12,26756.798828,5.050000
2023-10-13,26862.375000,4.970000
2023-10-16,28519.466797,5.060000
2023-10-17,28415.748047,5.140000
2023-10-18,28328.341797,5.200000
2023-10-19,28719.806641,5.300000
2023-10-20,29682.949219,5.270000
2023-10-23,33086.234375,5.190000
2023-10-24,33901.527344,5.150000
2023-10-25,34502.820312,5.270000
2023-10-26,34156.648438,5.190000
2023-10-27,33909.800781,5.190000
2023-10-30,34502.363281,5.210000
2023-10-31,34667.781250,5.210000
2023-11-01,35437.253906,5.130000
2023-11-02,34938.242188,4.990000
2023-11-03,34732.324219,4.930000
2023-11-06,35037.371094,5.000000
2023-11-07,35443.562500,4.910000
2023-11-08,35655.277344,4.820000
2023-11-09,36693.125000,4.970000
2023-11-10,37313.968750,4.930000
2023-11-13,36502.355469,4.950000
2023-11-14,35537.640625,4.800000
2023-11-15,37880.582031,4.870000
2023-11-16,36154.769531,4.820000
2023-11-17,36596.683594,4.800000
2023-11-20,37476.957031,4.740000
2023-11-21,35813.812500,4.750000
2023-11-22,37432.339844,4.730000
2023-11-24,37720.281250,4.790000
2023-11-27,37254.167969,4.720000
2023-11-28,37831.085938,4.700000
2023-11-29,37858.492188,4.620000
2023-11-30,37712.746094,4.720000
2023-12-01,38688.750000,4.580000
2023-12-04,41980.097656,4.610000
2023-12-05,44080.648438,4.480000
2023-12-06,43746.445312,4.400000
2023-12-07,43292.664062,4.420000
2023-12-08,44166.601562,4.490000
2023-12-11,41243.832031,4.510000
2023-12-12,41450.222656,4.480000
2023-12-13,42890.742188,4.360000
2023-12-14,43023.972656,4.210000
2023-12-15,41929.757812,4.190000
2023-12-18,42623.539062,4.230000
2023-12-19,42270.527344,4.230000
2023-12-20,43652.250000,4.170000
2023-12-21,43869.152344,4.190000
2023-12-22,43997.902344,4.210000
2023-12-26,42520.402344,4.200000
2023-12-27,43442.855469,4.100000
2023-12-28,42627.855469,4.140000
2023-12-29,42099.402344,4.200000
2024-01-02,44957.968750,4.250000
2024-01-03,42848.175781,4.210000
2024-01-04,44179.921875,4.300000
2024-01-05,44162.691406,4.370000
2024-01-08,46970.503906,4.330000
2024-01-09,46139.730469,4.330000
2024-01-10,46627.777344,4.350000
2024-01-11,46368.585938,4.320000
2024-01-12,42853.167969,4.320000
2024-01-16,43154.945312,4.430000
2024-01-17,42742.652344,4.420000
2024-01-18,41262.058594,4.480000
2024-01-19,41618.406250,4.470000
2024-01-22,39507.367188,4.440000
2024-01-23,39845.550781,4.480000
2024-01-24,40077.074219,4.520000
2024-01-25,39933.808594,4.490000
2024-01-26,41816.871094,4.490000
2024-01-29,43288.246094,4.420000
2024-01-30,42952.609375,4.400000
2024-01-31,42582.605469,4.340000
2024-02-01,43075.773438,4.210000
2024-02-02,43185.859375,4.330000
2024-02-05,42658.667969,4.460000
2024-02-06,43084.671875,4.390000
2024-02-07,44318.222656,4.410000
2024-02-08,45301.566406,4.470000
2024-02-09,47147.199219,4.480000
2024-02-12,49958.222656,4.480000
2024-02-13,49742.441406,4.590000
2024-02-14,51826.695312,4.570000
2024-02-15,51938.554688,4.540000
2024-02-16,52160.203125,4.580000
2024-02-20,52284.875000,4.560000
2024-02-21,51839.179688,4.590000
2024-02-22,51304.972656,4.580000
2024-02-23,50731.949219,4.510000
2024-02-26,54522.402344,4.530000
2024-02-27,57085.371094,4.570000
2024-02-28,62504.789062,4.530000
2024-02-29,61198.382812,4.510000
2024-03-01,62440.632812,4.460000
2024-03-04,68330.414062,4.480000
2024-03-05,63801.199219,4.390000
2024-03-06,66106.804688,4.360000
2024-03-07,66925.484375,4.350000
2024-03-08,68300.093750,4.360000
2024-03-11,72123.906250,4.360000
2024-03-12,71481.289062,4.420000
2024-03-13,73083.500000,4.450000
2024-03-14,71396.593750,4.540000
2024-03-15,69403.773438,4.550000
2024-03-18,67548.593750,4.570000
2024-03-19,61912.773438,4.540000
2024-03-20,67913.671875,4.530000
2024-03-21,65491.390625,4.530000
2024-03-22,63778.761719,4.470000
2024-03-25,69958.812500,4.510000
2024-03-26,69987.835938,4.490000
2024-03-27,69455.343750,4.450000
2024-03-28,70744.953125,4.450000
2024-04-01,69702.148438,4.580000
2024-04-02,65446.972656,4.610000
2024-04-03,65980.812500,4.610000
2024-04-04,68508.843750,4.570000
2024-04-05,67837.640625,4.650000
2024-04-08,71631.359375,4.650000
2024-04-09,69139.015625,4.600000
2024-04-10,70587.882812,4.760000
2024-04-11,70060.609375,4.770000
2024-04-12,67195.867188,4.730000
2024-04-15,63426.210938,4.850000
2024-04-16,63811.863281,4.880000
2024-04-17,61276.691406,4.810000
2024-04-18,63512.753906,4.850000
2024-04-19,63843.570312,4.830000
2024-04-22,66837.679688,4.840000
2024-04-23,66407.273438,4.840000
2024-04-24,64276.898438,4.880000
2024-04-25,64481.707031,4.930000
2024-04-26,63755.320312,4.890000
2024-04-29,63841.121094,4.860000
2024-04-30,60636.855469,4.900000
2024-05-01,58254.011719,4.850000
2024-05-02,59123.433594,4.820000
2024-05-03,62889.835938,4.750000
2024-05-06,63161.949219,4.730000
2024-05-07,62334.816406,4.700000
2024-05-08,61187.941406,4.730000
2024-05-09,63049.960938,4.700000
2024-05-10,60792.777344,4.740000
2024-05-13,62901.449219,4.720000
2024-05-14,61552.789062,4.690000
2024-05-15,66267.492188,4.610000
2024-05-16,65231.582031,4.620000
2024-05-17,67051.875000,4.660000
2024-05-20,71448.195312,4.680000
2024-05-21,70136.531250,4.650000
2024-05-22,69122.335938,4.630000
2024-05-23,67929.562500,4.670000
2024-05-24,68526.101562,4.650000
2024-05-28,68296.218750,4.740000
2024-05-29,67578.093750,4.820000
2024-05-30,68364.992188,4.760000
2024-05-31,67491.414062,4.730000
2024-06-03,68804.781250,4.630000
2024-06-04,70567.765625,4.560000
2024-06-05,71082.820312,4.520000
2024-06-06,70757.164062,4.510000
2024-06-07,69342.585938,4.640000
2024-06-10,69512.281250,4.680000
2024-06-11,67332.031250,4.620000
2024-06-12,68241.187500,4.560000
2024-06-13,66756.398438,4.500000
2024-06-14,66011.093750,4.460000
2024-06-17,66490.296875,4.520000
2024-06-18,65140.746094,4.470000
2024-06-20,64828.656250,4.490000
2024-06-21,64096.199219,4.490000
2024-06-24,60277.414062,4.480000
2024-06-25,61804.640625,4.460000
2024-06-26,60811.277344,4.550000
2024-06-27,61604.800781,4.530000
2024-06-28,60320.136719,4.610000
2024-07-01,62851.980469,4.760000
2024-07-02,62029.015625,4.710000
2024-07-03,60173.921875,4.640000
2024-07-05,56662.375000,4.570000
2024-07-08,56705.097656,4.570000
2024-07-09,58009.226562,4.590000
2024-07-10,57742.496094,4.580000
2024-07-11,57344.914062,4.510000
2024-07-12,57899.464844,4.500000
2024-07-15,64870.152344,4.560000
2024-07-16,65097.148438,4.480000
2024-07-17,64118.792969,4.460000
2024-07-18,63974.066406,4.510000
2024-07-19,66710.156250,4.550000
2024-07-22,67585.250000,4.570000
2024-07-23,65927.671875,4.560000
2024-07-24,65372.132812,4.620000
2024-07-25,65777.226562,4.590000
2024-07-26,67912.062500,4.530000
2024-07-29,66819.914062,4.510000
2024-07-30,66201.015625,4.500000
2024-07-31,64619.250000,4.440000
2024-08-01,65357.500000,4.350000
2024-08-02,61415.066406,4.190000
2024-08-05,53991.457031,4.160000
2024-08-06,56034.316406,4.280000
2024-08-07,55027.460938,4.350000
2024-08-08,61710.136719,4.380000
2024-08-09,60880.113281,4.330000
2024-08-12,59354.515625,4.300000
2024-08-13,60609.566406,4.250000
2024-08-14,58737.269531,4.220000
2024-08-15,57560.097656,4.280000
2024-08-16,58894.105469,4.260000
2024-08-19,59493.453125,4.230000
2024-08-20,59012.792969,4.190000
2024-08-21,61175.191406,4.150000
2024-08-22,60381.914062,4.210000
2024-08-23,64094.355469,4.180000
2024-08-26,62880.660156,4.190000
2024-08-27,59504.132812,4.210000
2024-08-28,59027.625000,4.220000
2024-08-29,59388.179688,4.240000
2024-08-30,59119.476562,4.280000
2024-09-03,57431.023438,4.210000
2024-09-04,57971.539062,4.140000
2024-09-05,56160.488281,4.110000
2024-09-06,53948.753906,4.100000
2024-09-09,57019.535156,4.080000
2024-09-10,57648.710938,4.040000
2024-09-11,57343.171875,4.030000
2024-09-12,58127.011719,4.070000
2024-09-13,60571.300781,4.050000
2024-09-16,58192.507812,4.010000
2024-09-17,60308.539062,4.020000
2024-09-18,61649.679688,4.080000
2024-09-19,62940.457031,4.110000
2024-09-20,63192.976562,4.100000
2024-09-23,63329.800781,4.120000
2024-09-24,64301.968750,4.130000
2024-09-25,63143.144531,4.180000
2024-09-26,65181.019531,4.170000
2024-09-27,65790.664062,4.150000
2024-09-30,63329.500000,4.190000
2024-10-01,60837.007812,4.140000
2024-10-02,60632.785156,4.190000
2024-10-03,60759.402344,4.240000
2024-10-04,62067.476562,4.330000
2024-10-07,62236.660156,4.370000
2024-10-08,62131.968750,4.380000
2024-10-09,60582.101562,4.410000
2024-10-10,60274.500000,4.440000
2024-10-11,62445.089844,4.440000
2024-10-15,67041.109375,4.370000
2024-10-16,67612.718750,4.360000
2024-10-17,67399.835938,4.440000
2024-10-18,68418.789062,4.440000
2024-10-21,67367.851562,4.540000
2024-10-22,67361.406250,4.550000
2024-10-23,66432.195312,4.580000
2024-10-24,68161.054688,4.540000
2024-10-25,66642.414062,4.580000
2024-10-28,69907.757812,4.610000
2024-10-29,72720.492188,4.610000
2024-10-30,72339.539062,4.600000
2024-10-31,70215.187500,4.580000
2024-11-01,69482.468750,4.680000
2024-11-04,67811.507812,4.600000
2024-11-05,69359.562500,4.550000
2024-11-06,75639.078125,4.710000
2024-11-07,75904.859375,4.620000
2024-11-08,76545.476562,4.580000
2024-11-12,87955.812500,4.700000
2024-11-13,90584.164062,4.730000
2024-11-14,87250.429688,4.690000
2024-11-15,91066.007812,4.700000
2024-11-18,90542.640625,4.700000
2024-11-19,92343.789062,4.660000
2024-11-20,94339.492188,4.660000
2024-11-21,98504.726562,4.680000
2024-11-22,98997.664062,4.670000
2024-11-25,93102.296875,4.530000
2024-11-26,91985.320312,4.560000
2024-11-27,95962.531250,4.520000
2024-11-29,97461.523438,4.450000
2024-12-02,95865.304688,4.460000
2024-12-03,96002.164062,4.500000
2024-12-04,98768.531250,4.450000
2024-12-05,96593.570312,4.430000
2024-12-06,99920.710938,4.420000
2024-12-09,97432.718750,4.470000
2024-12-10,96675.429688,4.490000
2024-12-11,101173.031250,4.550000
2024-12-12,100043.000000,4.620000
2024-12-13,101459.257812,4.690000
2024-12-16,106029.718750,4.680000
2024-12-17,106140.601562,4.680000
2024-12-18,100041.539062,4.740000
2024-12-19,97490.953125,4.820000
2024-12-20,97755.929688,4.790000
2024-12-23,94686.242188,4.850000
2024-12-24,98676.093750,4.840000
2024-12-26,95795.515625,4.830000
2024-12-27,94164.859375,4.890000
2024-12-30,92643.210938,4.840000
2024-12-31,93429.203125,4.860000
2025-01-02,96886.875000,4.860000
2025-01-03,98107.429688,4.880000
2025-01-06,102078.085938,4.910000
2025-01-07,96922.703125,4.970000
2025-01-08,95043.523438,4.970000
2025-01-09,92484.039062,4.980000
2025-01-10,94701.453125,5.040000
2025-01-13,94516.523438,5.050000
2025-01-14,96534.046875,5.060000
2025-01-15,100504.492188,4.950000
2025-01-16,99756.906250,4.910000
2025-01-17,104462.039062,4.910000
2025-01-21,106146.265625,4.870000
2025-01-22,103653.070312,4.890000
2025-01-23,103960.171875,4.920000
2025-01-24,104819.484375,4.910000
2025-01-27,102087.687500,4.820000
2025-01-28,101332.476562,4.840000
2025-01-29,103703.210938,4.850000
2025-01-30,104735.304688,4.810000
2025-01-31,102405.023438,4.880000
2025-02-03,101405.421875,4.820000
2025-02-04,97871.820312,4.810000
2025-02-05,96615.445312,4.690000
2025-02-06,96593.296875,4.700000
2025-02-07,96529.085938,4.750000
2025-02-10,97437.554688,4.760000
2025-02-11,95747.429688,4.800000
2025-02-12,97885.859375,4.900000
2025-02-13,96623.867188,4.790000
2025-02-14,97508.968750,4.750000
2025-02-18,95539.546875,4.830000
2025-02-19,96635.609375,4.790000
2025-02-20,98333.937500,4.770000
2025-02-21,96125.546875,4.690000
2025-02-24,91418.171875,4.690000
2025-02-25,88736.171875,4.590000
2025-02-26,84347.023438,4.550000
2025-02-27,84704.226562,4.590000
2025-02-28,84373.007812,4.550000
2025-03-03,86065.671875,4.490000
2025-03-04,87222.195312,4.560000
2025-03-05,90623.562500,4.610000
2025-03-06,89961.726562,4.630000
2025-03-07,86742.671875,4.660000
2025-03-10,78532.000000,4.580000
2025-03-11,82862.210938,4.630000
2025-03-12,83722.359375,4.670000
2025-03-13,81066.703125,4.630000
2025-03-14,83969.101562,4.650000
2025-03-17,84075.687500,4.640000
2025-03-18,82718.500000,4.610000
2025-03-19,86854.226562,4.580000
2025-03-20,84167.195312,4.570000
2025-03-21,84043.242188,4.600000
2025-03-24,87498.914062,4.680000
2025-03-25,87471.703125,4.670000
2025-03-26,86900.882812,4.710000
2025-03-27,87177.101562,4.750000
2025-03-28,84353.148438,4.650000
2025-03-31,82548.914062,4.620000
2025-04-01,85169.171875,4.560000
2025-04-02,82485.710938,4.580000
2025-04-03,83102.828125,4.510000
2025-04-04,83843.804688,4.440000
2025-04-07,79235.335938,4.610000
2025-04-08,76271.953125,4.760000
2025-04-09,82573.953125,4.780000
2025-04-10,79626.140625,4.900000
2025-04-11,83404.835938,4.910000
2025-04-14,84542.390625,4.840000
2025-04-15,83668.992188,4.820000
2025-04-16,84033.867188,4.770000
2025-04-17,84895.750000,4.820000
2025-04-21,87518.906250,4.940000
2025-04-22,93441.890625,4.900000
2025-04-23,93699.109375,4.860000
2025-04-24,93943.796875,4.790000
2025-04-25,94720.500000,4.750000
2025-04-28,94978.750000,4.710000
2025-04-29,94284.789062,4.660000
2025-04-30,94207.312500,4.680000
2025-05-01,96492.335938,4.750000
2025-05-02,96910.070312,4.810000
2025-05-05,94748.054688,4.840000
2025-05-06,96802.476562,4.820000
2025-05-07,97032.320312,4.780000
2025-05-08,103241.460938,4.860000
2025-05-09,102970.851562,4.860000
2025-05-12,102812.953125,4.920000
2025-05-13,104169.812500,4.970000
2025-05-14,103539.414062,5.000000
2025-05-15,103744.640625,4.930000
2025-05-16,103489.289062,4.920000
2025-05-19,105606.179688,4.950000
2025-05-20,106791.085938,4.990000
2025-05-21,109678.078125,5.080000
2025-05-22,111673.281250,5.050000
2025-05-23,107287.796875,5.030000
2025-05-27,108994.640625,4.950000
2025-05-28,107802.328125,4.990000
2025-05-29,105641.757812,4.940000
2025-05-30,103998.570312,4.930000
2025-06-02,105881.531250,5.000000
2025-06-03,105432.468750,5.000000
2025-06-04,104731.984375,4.900000
2025-06-05,101575.953125,4.900000
2025-06-06,104390.343750,4.990000
2025-06-09,110294.101562,4.980000
2025-06-10,110257.234375,4.960000
2025-06-11,108686.625000,4.930000
2025-06-12,105929.054688,4.860000
2025-06-13,106090.968750,4.930000
2025-06-16,106796.757812,4.970000
2025-06-17,104601.117188,4.890000
2025-06-18,104883.328125,4.890000
2025-06-20,103309.601562,4.900000
2025-06-23,105577.773438,4.870000
2025-06-24,106045.632812,4.830000
2025-06-25,107361.257812,4.830000
2025-06-26,106960.000000,4.810000
2025-06-27,107088.429688,4.850000
2025-06-30,107135.335938,4.790000
2025-07-01,105698.281250,4.790000
2025-07-02,108859.320312,4.840000
2025-07-03,109647.976562,4.870000
2025-07-07,108299.851562,4.930000
2025-07-08,108950.273438,4.950000
2025-07-09,111326.554688,4.870000
2025-07-10,115987.203125,4.870000
2025-07-11,117516.992188,4.960000
2025-07-14,119849.703125,4.970000
2025-07-15,117777.187500,5.020000
2025-07-16,118738.507812,5.010000
2025-07-17,119289.843750,5.010000
2025-07-18,118003.226562,4.990000
2025-07-21,117439.539062,4.930000
2025-07-22,119995.414062,4.900000
2025-07-23,118754.960938,4.930000
2025-07-24,118368.000000,4.950000
2025-07-25,117635.882812,4.920000
2025-07-28,117924.476562,4.950000
2025-07-29,117922.148438,4.860000
2025-07-30,117831.187500,4.900000
2025-07-31,115758.203125,4.890000
2025-08-01,113320.085938,4.790000
2025-08-04,115071.882812,4.780000
2025-08-05,114141.445312,4.770000
2025-08-06,115028.000000,4.800000
2025-08-07,117496.898438,4.810000
2025-08-08,116688.726562,4.840000
2025-08-11,118731.445312,4.830000
2025-08-12,120172.906250,4.870000
2025-08-13,123344.062500,4.810000
2025-08-14,118359.578125,4.860000
2025-08-15,117398.351562,4.910000
2025-08-18,116252.312500,4.920000
2025-08-19,112831.179688,4.890000
2025-08-20,114274.742188,4.860000
2025-08-21,112419.031250,4.890000
2025-08-22,116874.085938,4.840000
2025-08-25,110124.351562,4.860000
2025-08-26,111802.656250,4.860000
2025-08-27,111222.062500,4.870000
2025-08-28,112544.804688,4.830000
